{"lm": {"RxCoilNumber": 1.0, "GateTimeShift": -8e-07, "GateFactor": 0.925, "RemoveInitialGates": 1.0, "RemoveGatesFrom": 6.0, "PrimaryFieldDampingFactor": 1.0, "UniformDataSTD": 0.03, "MeaTimeDelay": 0.0, "NoGates": 15.0, "RepFreq": 1008.0, "FrontGateTime": 2e-06, "TiBLowPassFilter": 1.0, "TransmitterMoment": "LM", "TxApproximateCurrent": 3.0, "SystemResponseConvolution": 0.0, "ReceiverPolarizationXYZ": "Z", "waveform": [[-0.0002, 0.0], [-0.00018847, 0.204], [-0.000175, 0.376], [-0.00016021, 0.518], [-0.00013556, 0.692], [-0.00011617, 0.787], [-8.8897e-05, 0.879], [-5.6362e-05, 0.948], [-2.9413e-05, 0.982], [0.0, 1.0], [1.2788e-07, 0.9], [2.1685e-07, 0.73], [3.5029e-07, 0.498], [5.0597e-07, 0.291], [7.0614e-07, 0.147], [9.5078e-07, 0.075], [1.3734e-06, 0.039], [1.9627e-06, 0.017], [2.5e-06, 0.0]]}, "hm": {"RxCoilNumber": 1.0, "GateTimeShift": -8e-07, "GateFactor": 1.045, "RemoveInitialGates": 4.0, "PrimaryFieldDampingFactor": 1.0, "UniformDataSTD": 0.03, "MeaTimeDelay": 0.0, "NoGates": 30.0, "RepFreq": 282.0, "FrontGateTime": 5e-06, "TiBLowPassFilter": 1.0, "TransmitterMoment": "HM", "TxApproximateCurrent": 29.97, "SystemResponseConvolution": 0.0, "ReceiverPolarizationXYZ": "Z", "waveform": [[-0.00045, 0.0], [-0.00043413, 0.234], [-0.00041535, 0.42], [-0.00039582, 0.568], [-0.00036653, 0.724], [-0.00033423, 0.834], [-0.00028991, 0.918], [-0.00024408, 0.962], [-0.00018549, 0.989], [-9.5352e-05, 1.001], [0.0, 1.0], [1.9524e-07, 0.942], [3.5714e-07, 0.858], [5.381e-07, 0.73], [7.4762e-07, 0.562], [9.1905e-07, 0.416], [1.2429e-06, 0.179], [1.5571e-06, 0.075], [2.119e-06, 0.014], [3.3e-06, 0.005], [4.5e-06, 0.0]]}, "time_gates": [[2.19e-06, 3.8e-07, 4e-06], [5.19e-06, 4.38e-06, 6e-06], [7.19e-06, 6.38e-06, 8e-06], [9.19e-06, 8.38e-06, 1e-05], [1.119e-05, 1.038e-05, 1.2e-05], [1.319e-05, 1.238e-05, 1.4e-05], [1.519e-05, 1.438e-05, 1.6e-05], [1.719e-05, 1.638e-05, 1.8e-05], [1.919e-05, 1.838e-05, 2e-05], [2.119e-05, 2.038e-05, 2.2e-05], [2.369e-05, 2.238e-05, 2.5e-05], [2.669e-05, 2.538e-05, 2.8e-05], [3.019e-05, 2.838e-05, 3.2e-05], [3.469e-05, 3.238e-05, 3.7e-05], [4.069e-05, 3.738e-05, 4.4e-05], [4.819e-05, 4.438e-05, 5.2e-05], [5.719e-05, 5.238e-05, 6.2e-05], [6.869e-05, 6.238e-05, 7.5e-05], [8.319e-05, 7.538e-05, 9.1e-05], [0.0001017, 9.138e-05, 0.000112], [0.0001252, 0.0001124, 0.000138], [0.0001542, 0.0001384, 0.00017], [0.0001912, 0.0001704, 0.000212], [0.0002377, 0.0002124, 0.000263], [0.0002957, 0.0002634, 0.000328], [0.0003692, 0.0003284, 0.00041], [0.0004617, 0.0004104, 0.000513], [0.0005782, 0.0005134, 0.000643], [0.0007247, 0.0006434, 0.000806], [0.0009092, 0.0008064, 0.001012]], "tx_area": 8.0}