{"lm": {"RxCoilNumber": 1.0, "GateTimeShift": 0.0, "GateFactor": 0.94, "SystemResponseConvolution": 1.0, "RemoveInitialGates": 8.0, "PrimaryFieldDampingFactor": 1e-06, "UniformDataSTD": 0.03, "MeaTimeDelay": 0.0, "SignPattern": "", "NoGates": 28.0, "RepFreq": 210.0, "FrontGateTime": -1.2e-06, "TiBLowPassFilter": 1.0, "TransmitterMoment": "LM", "TxApproximateCurrent": 6.04, "ReceiverPolarizationXYZ": "Z", "waveform": [[-0.0008, 0.0], [-0.00071457, 0.1373], [-0.00056482, 0.32358], [-0.00033766, 0.59175], [0.0, 1.0], [3e-07, 0.99553], [6.7e-07, 0.97411], [1.05e-06, 0.93899], [1.47e-06, 0.88829], [2.26e-06, 0.7708], [4.34e-06, 0.42752], [5.05e-06, 0.32518], [5.73e-06, 0.23933], [6.36e-06, 0.17128], [6.99e-06, 0.11432], [8.3e-06, 0.028827], [9.83e-06, -0.024728], [1.166e-05, -0.045077], [2.005e-05, 0.0]]}, "hm": {"RxCoilNumber": 1.0, "GateTimeShift": -1.5e-06, "GateFactor": 0.99, "SystemResponseConvolution": 0.0, "RemoveInitialGates": 10.0, "PrimaryFieldDampingFactor": 0.01, "UniformDataSTD": 0.03, "MeaTimeDelay": 0.00035, "NoGates": 37.0, "RepFreq": 30.0, "FrontGateTime": 0.00037, "TiBLowPassFilter": 1.0, "TransmitterMoment": "HM", "TxApproximateCurrent": 110.1, "ReceiverPolarizationXYZ": "Z", "waveform": [[-0.004, 0.0], [-0.0038466, 0.52912], [-0.0036938, 0.95788], [-0.0020303, 0.97876], [0.0, 1.0], [5.5685e-05, 0.83052], [0.00016612, 0.46587], [0.00026988, 0.10691], [0.00029125, 0.032476], [0.00029661, 0.013861], [0.00029887, 0.0073212], [0.00030011, 0.003438], [0.00030146, 0.0]]}, "time_gates": [[7.15e-07, 4.3e-07, 1e-06], [2.215e-06, 1.43e-06, 3e-06], [4.215e-06, 3.43e-06, 5e-06], [6.215e-06, 5.43e-06, 7e-06], [8.215e-06, 7.43e-06, 9e-06], [1.022e-05, 9.43e-06, 1.1e-05], [1.221e-05, 1.143e-05, 1.3e-05], [1.472e-05, 1.343e-05, 1.6e-05], [1.821e-05, 1.643e-05, 2e-05], [2.271e-05, 2.043e-05, 2.5e-05], [2.821e-05, 2.543e-05, 3.1e-05], [3.522e-05, 3.143e-05, 3.9e-05], [4.421e-05, 3.943e-05, 4.9e-05], [5.571e-05, 4.943e-05, 6.2e-05], [7.021e-05, 6.243e-05, 7.8e-05], [8.821e-05, 7.843e-05, 9.8e-05], [0.0001107, 9.843e-05, 0.000123], [0.0001387, 0.0001234, 0.000154], [0.0001742, 0.0001544, 0.000194], [0.0002197, 0.0001944, 0.000245], [0.0002767, 0.0002454, 0.000308], [0.0003487, 0.0003084, 0.000389], [0.0004397, 0.0003894, 0.00049], [0.0005537, 0.0004904, 0.000617], [0.0006977, 0.0006174, 0.000778], [0.0008792, 0.0007784, 0.00098], [0.001108, 0.0009804, 0.001235], [0.001396, 0.001235, 0.001557], [0.00176, 0.001557, 0.001963], [0.002219, 0.001963, 0.002474], [0.002797, 0.002474, 0.00312], [0.003516, 0.00312, 0.003912], [0.004396, 0.003912, 0.00488], [0.005473, 0.00488, 0.006065], [0.006791, 0.006065, 0.007517], [0.008405, 0.007517, 0.009293], [0.01038, 0.009293, 0.01147]], "tx_area": 342.0}